"Name","model_type","backbone_run_name","frac_keep","contrastive_loss_weight","loss_norm_type","num_oxels","State","Runtime","learning_rate","trainer/global_step","training/accuracy_epoch","training/accuracy_step","training/loss","training/loss_epoch","training/loss_step","training/step","validation/accuracy","validation/loss","validation/loss_epoch","validation/loss_step","validation/step","validation/accuracy/dataloader_idx_0","validation/id/accuracy/dataloader_idx_0","validation/id/loss/dataloader_idx_0","validation/loss/dataloader_idx_0","validation/ood/accuracy/dataloader_idx_1","validation/ood/loss/dataloader_idx_1","ID","num_parameters"
"summer-valley-650","AttentionMLPPixelClassifier","crisp-brook-345","","","","32","finished","618","0.002","11999","0.7355072498321533","0.671875","","0.5731497406959534","0.6481667160987854","","","","","","","0.7205315232276917","","","0.5887895822525024","0.7262364029884338","0.5831736922264099","37bnoe34","28479"
"clear-dragon-649","AttentionMLPPixelClassifier","dutiful-frost-347","","","","32","finished","628","0.002","11999","0.7325633764266968","0.703125","","0.5779460072517395","0.6249241828918457","","","","","","","0.7331761717796326","","","0.5779432058334351","0.7373360991477966","0.5735259652137756","oq5x8g53","28479"
"easy-feather-648","AttentionMLPPixelClassifier","devoted-vortex-348","","","","32","finished","629","0.002","11999","0.8466938138008118","0.7734375","","0.3689653873443603","0.4689376652240753","","","","","","","0.8555507659912109","","","0.3536015748977661","0.0978829190135002","1.4238176345825195","8kjobvln","28479"
"wise-lake-647","AttentionMLPPixelClassifier","leafy-capybara-350","","","","32","finished","630","0.002","11999","0.8504302501678467","0.875","","0.3652016520500183","0.3699257969856262","","","","","","","0.8508358597755432","","","0.37171226739883423","0.1043970137834549","1.4435746669769287","fii97ccv","28479"
"fresh-resonance-646","AttentionMLPPixelClassifier","winter-sponge-352","","","","32","finished","629","0.002","11999","0.8428441882133484","0.8359375","","0.3712689280509949","0.33714282512664795","","","","","","","0.8516930937767029","","","0.3613797724246979","0.0998971462249756","1.4439613819122314","ux8b8fht","28479"
"woven-armadillo-645","AttentionMLPPixelClassifier","misunderstood-resonance-354","","","","32","finished","630","0.002","11999","0.8516757488250732","0.8125","","0.3635433316230774","0.4109320342540741","","","","","","","0.8538362383842468","","","0.35947149991989136","0.099168598651886","1.4379816055297852","9mgwauuw","28479"
"stellar-breeze-644","AttentionMLPPixelClassifier","fluent-salad-356","","","","32","finished","629","0.002","11999","0.5441576242446899","0.4921875","","0.6890261173248291","0.6963473558425903","","","","","","","0.5282897353172302","","","0.6923769116401672","0.5247278809547424","0.6898013949394226","ls46mm1n","28479"
"celestial-flower-643","AttentionMLPPixelClassifier","spring-pine-358","","","","32","finished","629","0.002","11999","0.7245244383811951","0.75","","0.585837185382843","0.5635503530502319","","","","","","","0.720102846622467","","","0.5904305577278137","0.723450779914856","0.5854659676551819","lpw4cd77","28479"
"quiet-frost-642","AttentionMLPPixelClassifier","graceful-universe-360","","","","32","finished","629","0.002","11999","0.7349411249160767","0.7421875","","0.5761524438858032","0.5620733499526978","","","","","","","0.7293184995651245","","","0.5822967290878296","0.7361361384391785","0.5733447074890137","wvzryw0k","28479"
"toasty-dawn-641","AttentionMLPPixelClassifier","vibrant-butterfly-362","","","","32","finished","626","0.002","11999","0.8447690010070801","0.875","","0.3748129010200501","0.3101855218410492","","","","","","","0.8478354215621948","","","0.3630254566669464","0.09985429048538208","1.4341669082641602","afnvxezj","28479"
"polished-waterfall-640","AttentionMLPPixelClassifier","eager-puddle-364","","","","32","finished","620","0.002","11999","0.8521286249160767","0.8046875","","0.3623315691947937","0.40616267919540405","","","","","","","0.8514787554740906","","","0.3578321933746338","0.10109711438417436","1.437863826751709","wl2xv1y3","28479"
"crisp-smoke-639","AttentionMLPPixelClassifier","morning-field-366","","","","32","finished","627","0.002","11999","0.8494112491607666","0.84375","","0.3666192889213562","0.3337324857711792","","","","","","","0.8574796319007874","","","0.3534161448478699","0.09921145439147948","1.4278151988983154","hi252xp3","28479"
"genial-flower-638","AttentionMLPPixelClassifier","denim-night-368","","","","32","finished","629","0.002","11999","0.851902186870575","0.9140625","","0.36279621720314026","0.29485374689102173","","","","","","","0.8431204557418823","","","0.3743913769721985","0.10058283805847168","1.4301972389221191","g1s9fxnt","28479"
"stoic-shadow-637","AttentionMLPPixelClassifier","zesty-armadillo-370","","","","32","finished","630","0.002","11999","0.5366848111152649","0.546875","","0.685395359992981","0.6734269261360168","","","","","","","0.5460780262947083","","","0.6842813491821289","0.47591498494148254","0.7055660486221313","qfkice5x","28479"
"likely-thunder-636","AttentionMLPPixelClassifier","skilled-cloud-372","","","","32","finished","629","0.002","11999","0.7134284377098083","0.7265625","","0.5951841473579407","0.5903338193893433","","","","","","","0.7271752953529358","","","0.5816316604614258","0.7224222421646118","0.5852066874504089","bdfeuxbf","28479"
"vivid-snowflake-635","AttentionMLPPixelClassifier","lilac-frost-373","","","","32","finished","629","0.002","11999","0.7312046885490417","0.671875","","0.5766867399215698","0.6478610038757324","","","","","","","0.7222460508346558","","","0.588552713394165","0.727093517780304","0.5825058221817017","ez3o6ib8","28479"
"kind-water-634","AttentionMLPPixelClassifier","stoic-river-375","","","","32","finished","629","0.002","11999","0.8478260636329651","0.8125","","0.3616314530372619","0.4290632903575897","","","","","","","0.8516930937767029","","","0.35619479417800903","0.10101140290498734","1.4451452493667605","5ag5wkhn","28479"
"upbeat-waterfall-633","AttentionMLPPixelClassifier","golden-silence-377","","","","32","finished","630","0.002","11999","0.8488451242446899","0.8359375","","0.36423882842063904","0.3880470991134643","","","","","","","0.8491213321685791","","","0.3673864006996155","0.09942573308944702","1.4331995248794556","q8hx906z","28479"
"rich-cherry-632","AttentionMLPPixelClassifier","spring-dust-379","","","","32","finished","629","0.002","11999","0.8479393124580383","0.8671875","","0.3663065731525421","0.318237841129303","","","","","","","0.8510501384735107","","","0.3618413507938385","0.09728293120861052","1.42950701713562","6ccja2hv","28479"
"expert-bird-631","AttentionMLPPixelClassifier","light-sun-381","","","","32","finished","629","0.002","11999","0.8534873127937317","0.8671875","","0.36448755860328674","0.3608439564704895","","","","","","","0.8396914005279541","","","0.38424307107925415","0.10066854953765868","1.4389677047729492","3xixzg17","28479"
"charmed-breeze-630","AttentionMLPPixelClassifier","resilient-frog-383","","","","32","finished","629","0.002","11999","0.6004302501678467","0.546875","","0.6630974411964417","0.6727690696716309","","","","","","","0.6056579351425171","","","0.6638911962509155","0.5946258902549744","0.6674175262451172","vknb9r4p","28479"
"scarlet-deluge-629","AttentionMLPPixelClassifier","treasured-waterfall-385","","","","32","finished","629","0.002","11999","0.7244112491607666","0.7421875","","0.5811082720756531","0.5699610710144043","","","","","","","0.714102029800415","","","0.5907416939735413","0.7130367755889893","0.5932604074478149","0eiwcn3g","28479"
"glad-monkey-628","AttentionMLPPixelClassifier","bumbling-brook-387","","","","32","finished","629","0.002","11999","0.7339221239089966","0.78125","","0.5757104754447937","0.5298894643783569","","","","","","","0.7301757335662842","","","0.5803172588348389","0.734464704990387","0.576038658618927","zuhgq2nl","28479"
"autumn-elevator-627","AttentionMLPPixelClassifier","confused-star-389","","","","32","finished","629","0.002","11999","0.8432971239089966","0.8046875","","0.3750784993171692","0.4266946315765381","","","","","","","0.852336049079895","","","0.3657526671886444","0.10028284788131714","1.4355602264404297","5f6uv5bo","28479"
"laced-paper-626","AttentionMLPPixelClassifier","feasible-sky-391","","","","32","finished","629","0.002","11999","0.848505437374115","0.828125","","0.3703990578651428","0.4348485469818115","","","","","","","0.8456922173500061","","","0.3707497119903565","0.10173995047807692","1.4479628801345823","re8u1kqp","28479"
"usual-cherry-625","AttentionMLPPixelClassifier","misunderstood-tree-392","","","","32","finished","629","0.002","11999","0.8572237491607666","0.828125","","0.35975173115730286","0.408693790435791","","","","","","","0.8437634110450745","","","0.3760562837123871","0.10101140290498734","1.4323673248291016","86yo2u0e","28479"
"magic-music-624","AttentionMLPPixelClassifier","peach-elevator-393","","","","32","finished","622","0.002","11999","0.8496376872062683","0.90625","","0.3683174252510071","0.29350224137306213","","","","","","","0.853407621383667","","","0.35750532150268555","0.10036855936050416","1.4367488622665403","m1bnieie","28479"
"happy-paper-623","AttentionMLPPixelClassifier","fresh-lake-394","","","","32","finished","624","0.002","11999","0.5382699370384216","0.484375","","0.6890638470649719","0.6928281784057617","","","","","","","0.5295756459236145","","","0.6922091245651245","0.520099401473999","0.693939745426178","qzz6epdj","28479"
"kind-wind-622","AttentionMLPPixelClassifier","stellar-fire-395","","","","32","finished","629","0.002","11999","0.7199954986572266","0.7421875","","0.5895201563835144","0.5659759044647217","","","","","","","0.715173602104187","","","0.5916976928710938","0.7198936939239502","0.5869743824005127","rjrs5rl2","28479"
"vibrant-breeze-621","AttentionMLPPixelClassifier","fragrant-energy-396","","","","32","finished","629","0.002","11999","0.7295063138008118","0.7109375","","0.5800217390060425","0.5804790258407593","","","","","","","0.7329618334770203","","","0.5763211250305176","0.7358361482620239","0.5732938051223755","pn98l7sy","28479"
"wild-bush-620","AttentionMLPPixelClassifier","olive-pyramid-397","","","","32","finished","629","0.002","11999","0.8477128744125366","0.859375","","0.3627925515174866","0.35614702105522156","","","","","","","0.8444063663482666","","","0.369148313999176","0.10469701141119005","1.407094955444336","c1bsh65m","28479"
"lucky-sunset-619","AttentionMLPPixelClassifier","azure-wood-398","","","","32","finished","629","0.002","11999","0.8539401888847351","0.8203125","","0.35469138622283936","0.42137253284454346","","","","","","","0.8525503873825073","","","0.3653603196144104","0.10118282586336136","1.434407353401184","3g5oakyq","28479"
"visionary-meadow-618","AttentionMLPPixelClassifier","prime-violet-399","","","","32","finished","631","0.002","11999","0.8482789993286133","0.84375","","0.3702463507652282","0.40242069959640503","","","","","","","0.8493356108665466","","","0.36685752868652344","0.09646867215633392","1.4327820539474487","26zoz493","28479"
"stellar-mountain-617","AttentionMLPPixelClassifier","icy-salad-400","","","","32","finished","629","0.002","11999","0.8537137508392334","0.859375","","0.3596664369106293","0.33545607328414917","","","","","","","0.8499785661697388","","","0.36493930220603943","0.0977543517947197","1.4203591346740725","brf9rjht","28479"
"fresh-firefly-616","AttentionMLPPixelClassifier","clear-disco-401","","","","32","finished","627","0.002","11999","0.5023776888847351","0.5703125","","0.6921989917755127","0.6876131296157837","","","","","","","0.490570068359375","","","0.6928019523620605","0.5038570165634155","0.6916758418083191","71ck2n4t","28479"
"brisk-durian-615","AttentionMLPPixelClassifier","legendary-plant-402","","","","32","finished","629","0.002","11999","0.7172780632972717","0.7421875","","0.5920698642730713","0.5706725120544434","","","","","","","0.7239605784416199","","","0.5823870301246643","0.7210507988929749","0.5862634778022766","2yh93c4b","28479"
"zany-aardvark-614","AttentionMLPPixelClassifier","dry-night-403","","","","32","finished","624","0.002","11999","0.7327898740768433","0.7265625","","0.5771857500076294","0.5792701840400696","","","","","","","0.7308186888694763","","","0.5778802037239075","0.7285077571868896","0.5810307264328003","ur4ft3tb","28479"
"zany-bush-613","AttentionMLPPixelClassifier","exalted-eon-404","","","","32","finished","629","0.002","11999","0.850203812122345","0.859375","","0.3596513867378235","0.3636940717697144","","","","","","","0.8521217107772827","","","0.36203670501708984","0.09972572326660156","1.4268946647644043","sffxgdu2","28479"
"solar-jazz-612","AttentionMLPPixelClassifier","glad-snow-405","","","","32","finished","616","0.002","11999","0.8521286249160767","0.84375","","0.3684316873550415","0.37642979621887207","","","","","","","0.851264476776123","","","0.3633388876914978","0.1014828160405159","1.4379401206970217","rldzojlx","28479"
"trim-eon-611","AttentionMLPPixelClassifier","comfy-sunset-407","","","","32","finished","608","0.002","11999","0.84986412525177","0.828125","","0.3640207648277282","0.41251760721206665","","","","","","","0.8613373041152954","","","0.34880244731903076","0.09548298269510268","1.438206434249878","ck6t5kpi","28479"
"fast-field-610","AttentionMLPPixelClassifier","daily-vortex-408","","","","32","finished","608","0.002","11999","0.8480525612831116","0.859375","","0.3718809187412262","0.3711320161819458","","","","","","","0.8444063663482666","","","0.3759950399398804","0.09822576493024826","1.4582602977752686","72ubu75b","28479"
"feasible-meadow-609","AttentionMLPPixelClassifier","balmy-sun-410","","","","32","finished","615","0.002","11999","0.576766312122345","0.546875","","0.6785092949867249","0.6917520761489868","","","","","","","0.5672953128814697","","","0.6784608364105225","0.5297848582267761","0.6920484900474548","0y7rhw7a","28479"
"misty-bird-608","AttentionMLPPixelClassifier","polar-dragon-411","","","","32","finished","608","0.002","11999","0.7206748127937317","0.7578125","","0.5865504145622253","0.5613253712654114","","","","","","","0.7205315232276917","","","0.5840574502944946","0.7177937626838684","0.590000331401825","hzckj2lx","28479"
"lilac-water-607","AttentionMLPPixelClassifier","devout-oath-414","","","","32","finished","610","0.002","11999","0.7319973111152649","0.6875","","0.5760738253593445","0.628125011920929","","","","","","","0.7310330271720886","","","0.5786682963371277","0.730736255645752","0.5824699401855469","r9dyfpv4","28479"
"astral-cherry-606","AttentionMLPPixelClassifier","scarlet-flower-418","","","","32","finished","607","0.002","11999","0.8452219367027283","0.8203125","","0.3709609806537628","0.41650813817977905","","","","","","","0.8497642278671265","","","0.3678928315639496","0.10113997012376784","1.4200987815856934","g34a1l2i","28479"
"silvery-snow-605","AttentionMLPPixelClassifier","flowing-violet-422","","","","32","finished","609","0.002","11999","0.8497508764266968","0.84375","","0.3670360743999481","0.4128864407539368","","","","","","","0.8497642278671265","","","0.3664129972457886","0.09754007309675217","1.4365174770355225","2brhbrjt","28479"
"classic-galaxy-604","AttentionMLPPixelClassifier","ethereal-energy-425","","","","32","finished","622","0.002","11999","0.8480525612831116","0.8359375","","0.3643230199813843","0.36501818895339966","","","","","","","0.8516930937767029","","","0.35639500617980957","0.09715436398983002","1.4356707334518433","sxj8awct","28479"
"gallant-hill-603","AttentionMLPPixelClassifier","blooming-shape-428","","","","32","finished","608","0.002","11999","0.8486186861991882","0.84375","","0.3690304160118103","0.414516806602478","","","","","","","0.851264476776123","","","0.3611477017402649","0.0984828993678093","1.4193402528762815","cb9hzykb","28479"
"apricot-frost-602","AttentionMLPPixelClassifier","glorious-wave-432","","","","32","finished","608","0.002","11999","0.55910325050354","0.5625","","0.681010901927948","0.6792644262313843","","","","","","","0.5615087747573853","","","0.6800259947776794","0.5522413849830627","0.6838075518608093","84z2yq0h","28479"
"pretty-dew-601","AttentionMLPPixelClassifier","glorious-violet-436","","","","32","finished","607","0.002","11999","0.7158061861991882","0.7734375","","0.5880522131919861","0.5211789608001709","","","","","","","0.7233176231384277","","","0.5828692317008972","0.7204508185386658","0.5873590707778931","dqjfw0b2","28479"
"desert-glade-600","AttentionMLPPixelClassifier","smart-eon-439","","","","32","finished","625","0.002","11999","0.7263360619544983","0.796875","","0.5832334756851196","0.5057120323181152","","","","","","","0.7391770482063293","","","0.5698151588439941","0.7303076982498169","0.5799309611320496","xynjc9f5","28479"
"eager-paper-599","AttentionMLPPixelClassifier","leafy-darkness-297","","","","32","finished","806","0.002","11999","0.71433424949646","0.6796875","","0.5896934270858765","0.6125507950782776","","","","","","","0.7164595127105713","","","0.5889847278594971","0.705879807472229","0.5995294451713562","y8fr0h46","28479"
"dazzling-yogurt-598","AttentionMLPPixelClassifier","smart-dawn-221","","","","32","finished","809","0.002","11999","0.7319973111152649","0.7421875","","0.5783864855766296","0.5759762525558472","","","","","","","0.7239605784416199","","","0.5854395627975464","0.7261078357696533","0.5847254395484924","b4v7l9a4","28479"
"glorious-shape-597","AttentionMLPPixelClassifier","rosy-violet-442","","","","32","finished","810","0.002","11999","0.8536005616188049","0.8984375","","0.3574867248535156","0.28815630078315735","","","","","","","0.8424775004386902","","","0.3720739483833313","0.09689722955226898","1.4332797527313232","8vrxkoqt","28479"
"expert-dew-596","AttentionMLPPixelClassifier","zany-fog-298","","","","32","finished","808","0.002","11999","0.8486186861991882","0.8359375","","0.3825622797012329","0.3799988031387329","","","","","","","0.8433347344398499","","","0.39805346727371216","0.09719721972942352","1.5375043153762815","dfjb7jng","28479"
"twilight-wave-595","AttentionMLPPixelClassifier","twilight-oath-222","","","","32","finished","806","0.002","11999","0.7259963750839233","0.7265625","","0.5793559551239014","0.5908211469650269","","","","","","","0.7192456126213074","","","0.5872503519058228","0.7251650094985962","0.5835446715354919","yygdvhiu","28479"
"charmed-mountain-594","AttentionMLPPixelClassifier","soft-voice-445","","","","32","finished","805","0.002","11999","0.8541666865348816","0.8359375","","0.3545932471752167","0.37359246611595154","","","","","","","0.8478354215621948","","","0.3688974380493164","0.09565441310405733","1.4347741603851318","brezpq5g","28479"
"true-galaxy-593","AttentionMLPPixelClassifier","warm-bird-299","","","","32","finished","798","0.002","11999","0.8511096239089966","0.8125","","0.36007192730903625","0.41877445578575134","","","","","","","0.8401200175285339","","","0.38475579023361206","0.10341133177280426","1.443093180656433","0cnp4bzc","28479"
"glorious-planet-592","AttentionMLPPixelClassifier","woven-lake-223","","","","32","finished","797","0.002","11999","0.7356204986572266","0.703125","","0.5738265514373779","0.6005626916885376","","","","","","","0.7310330271720886","","","0.5797082781791687","0.7312933802604675","0.5784377455711365","6g023lpl","28479"
"noble-wind-591","AttentionMLPPixelClassifier","royal-plasma-449","","","","32","finished","794","0.002","11999","0.8530344367027283","0.828125","","0.35383960604667664","0.3835727572441101","","","","","","","0.8529790043830872","","","0.35291051864624023","0.10229707509279252","1.4194079637527466","3j1rj9zx","28479"
"wise-wave-590","AttentionMLPPixelClassifier","clear-smoke-300","","","","32","finished","793","0.002","11999","0.8541666865348816","0.8671875","","0.354870080947876","0.368804395198822","","","","","","","0.8553364872932434","","","0.3579479455947876","0.10203994065523148","1.4360026121139526","xlm0x5cu","28479"
"zany-wildflower-589","AttentionMLPPixelClassifier","serene-resonance-224","","","","32","finished","791","0.002","11999","0.8443161249160767","0.84375","","0.3709782063961029","0.424019992351532","","","","","","","0.8551221489906311","","","0.36123234033584595","0.10332562029361723","1.4302637577056885","ki7yozu9","28479"
"usual-energy-588","AttentionMLPPixelClassifier","sandy-plasma-453","","","","32","finished","791","0.002","11999","0.8530344367027283","0.8046875","","0.3577646315097809","0.48305943608284","","","","","","","0.8392627239227295","","","0.3821797668933869","0.10032570362091064","1.4180599451065063","3vkwsryk","28479"
"eternal-lake-587","AttentionMLPPixelClassifier","visionary-plant-301","","","","32","finished","795","0.002","11999","0.8505434989929199","0.8515625","","0.36578840017318726","0.3500231206417084","","","","","","","0.8508358597755432","","","0.36675694584846497","0.10169709473848344","1.4557297229766846","l92cur2f","28479"
"vibrant-planet-586","AttentionMLPPixelClassifier","earthy-deluge-225","","","","32","finished","789","0.002","11999","0.8459012508392334","0.8359375","","0.37134286761283875","0.41338303685188293","","","","","","","0.8519074320793152","","","0.3658011853694916","0.10945401340723038","1.4274113178253174","mryftb11","28479"
"bright-hill-585","AttentionMLPPixelClassifier","proud-armadillo-456","","","","32","finished","790","0.002","11999","0.5514039993286133","0.59375","","0.6851357221603394","0.6753391027450562","","","","","","","0.5441491603851318","","","0.6854096055030823","0.4978572130203247","0.6964156627655029","0gzhu4x7","28479"
"rare-thunder-584","AttentionMLPPixelClassifier","upbeat-microwave-302","","","","32","finished","802","0.002","11999","0.8452219367027283","0.8203125","","0.38313883543014526","0.4365050792694092","","","","","","","0.8456922173500061","","","0.38669100403785706","0.09719721972942352","1.4959156513214111","mh6x13xv","28479"
"toasty-elevator-583","AttentionMLPPixelClassifier","earnest-cherry-226","","","","32","finished","802","0.002","11999","0.848505437374115","0.859375","","0.373765766620636","0.3884004950523377","","","","","","","0.8514787554740906","","","0.37078824639320374","0.1007542610168457","1.4516899585723877","tjg98qxr","28479"
"swift-night-582","AttentionMLPPixelClassifier","proud-lake-459","","","","32","finished","805","0.002","11999","0.7227128744125366","0.6875","","0.5850666165351868","0.6186127662658691","","","","","","","0.7126017808914185","","","0.5962378978729248","0.7213507890701294","0.585769772529602","m8q8cqju","28479"
"comic-wildflower-581","AttentionMLPPixelClassifier","lunar-firefly-303","","","","32","finished","799","0.002","11999","0.8492980003356934","0.84375","","0.3828805387020111","0.4182935357093811","","","","","","","0.8527646660804749","","","0.3836019933223725","0.10752549767494202","1.5328340530395508","0d2xsl5a","28479"
"fancy-elevator-580","AttentionMLPPixelClassifier","lilac-disco-227","","","","32","finished","799","0.002","11999","0.7897418737411499","0.6953125","","0.4874629080295563","0.6077015995979309","","","","","","","0.7936133742332458","","","0.4862759113311768","0.22237935662269592","1.3201956748962402","ri8zdfrs","28479"
"absurd-blaze-579","AttentionMLPPixelClassifier","pious-firebrand-463","","","","32","finished","800","0.002","11999","0.7292798757553101","0.7421875","","0.5790765285491943","0.548804759979248","","","","","","","0.7338191270828247","","","0.572077214717865","0.7332647442817688","0.5767068862915039","3ssoopdo","28479"
"still-violet-578","AttentionMLPPixelClassifier","expert-plasma-304","","","","32","finished","792","0.002","11999","0.71705162525177","0.765625","","0.586240291595459","0.5493044853210449","","","","","","","0.7276039719581604","","","0.5787674188613892","0.7162081003189087","0.5929954051971436","lduwx1zm","28479"
"amber-water-577","AttentionMLPPixelClassifier","lucky-valley-230","","","","32","finished","792","0.002","11999","0.7382246255874634","0.7265625","","0.5703204870223999","0.5703105330467224","","","","","","","0.7183883190155029","","","0.5900714993476868","0.7223365306854248","0.5887239575386047","gj6byj74","28479"
"fragrant-voice-576","AttentionMLPPixelClassifier","colorful-smoke-467","","","","32","finished","794","0.002","11999","0.8504302501678467","0.90625","","0.3672770857810974","0.2615293264389038","","","","","","","0.8465495109558105","","","0.3690601885318756","0.1044398695230484","1.4243375062942505","kmchago2","28479"
"charmed-snowflake-575","AttentionMLPPixelClassifier","volcanic-elevator-305","","","","32","finished","795","0.002","11999","0.8483921885490417","0.84375","","0.3830169439315796","0.3865268230438232","","","","","","","0.8501929044723511","","","0.3794133961200714","0.09719721972942352","1.5060826539993286","mh9d4lqr","28479"
"icy-moon-574","AttentionMLPPixelClassifier","proud-armadillo-231","","","","32","finished","791","0.002","11999","0.72826087474823","0.7734375","","0.5817931294441223","0.531987726688385","","","","","","","0.7301757335662842","","","0.5784388780593872","0.7222936749458313","0.5867102742195129","u6sdn8uy","28479"
"hardy-lion-573","AttentionMLPPixelClassifier","sandy-elevator-470","","","","32","finished","794","0.002","11999","0.8444293737411499","0.8125","","0.380575031042099","0.39266687631607056","","","","","","","0.853407621383667","","","0.35908031463623047","0.09839718788862228","1.4348636865615845","q42h11yb","28479"
"royal-glade-572","AttentionMLPPixelClassifier","solar-tree-232","","","","32","finished","814","0.002","11999","0.7288269996643066","0.7578125","","0.5795459151268005","0.551143229007721","","","","","","","0.7303900718688965","","","0.5804583430290222","0.7369932532310486","0.5738745927810669","dzqs4er5","28479"
"restful-aardvark-571","AttentionMLPPixelClassifier","flowing-grass-306","","","","32","finished","818","0.002","11999","0.8430706262588501","0.8515625","","0.3766771256923675","0.3801898360252381","","","","","","","0.8566223978996277","","","0.3579599857330322","0.10246849805116652","1.438703179359436","hj59xtdl","28479"
"pleasant-star-570","AttentionMLPPixelClassifier","dulcet-blaze-473","","","","32","finished","810","0.002","11999","0.8514492511749268","0.8515625","","0.359494686126709","0.3535902500152588","","","","","","","0.8396914005279541","","","0.3799002766609192","0.09694008529186247","1.4419347047805786","xkx8zpk3","28479"
"vibrant-aardvark-569","AttentionMLPPixelClassifier","super-shadow-233","","","","32","finished","795","0.002","11999","0.85495924949646","0.7890625","","0.35064753890037537","0.4285004734992981","","","","","","","0.8459065556526184","","","0.3730880320072174","0.09822576493024826","1.430758357048035","v28e15ho","28479"
"legendary-shadow-568","AttentionMLPPixelClassifier","dulcet-eon-307","","","","32","finished","806","0.002","11999","0.8536005616188049","0.890625","","0.35856980085372925","0.25515347719192505","","","","","","","0.8495499491691589","","","0.3607334494590759","0.10169709473848344","1.4293873310089111","pgqd2isv","28479"
"clean-night-567","AttentionMLPPixelClassifier","vocal-surf-476","","","","32","finished","801","0.002","11999","0.8523550629615784","0.8203125","","0.36410146951675415","0.3859509825706482","","","","","","","0.8576939702033997","","","0.34920185804367065","0.09796863049268724","1.4334020614624023","88f7h18j","28479"
"woven-bird-566","AttentionMLPPixelClassifier","radiant-durian-234","","","","32","finished","789","0.002","11999","0.7292798757553101","0.7265625","","0.5760736465454102","0.5746445059776306","","","","","","","0.7336047887802124","","","0.5730528235435486","0.7284220457077026","0.5923365354537964","9xrdmkp5","28479"
"wise-glade-565","AttentionMLPPixelClassifier","grateful-wood-308","","","","32","finished","793","0.002","11999","0.8541666865348816","0.8515625","","0.35667094588279724","0.3535512685775757","","","","","","","0.8546935319900513","","","0.35015445947647095","0.09972572326660156","1.4203397035598757","5d9eltnf","28479"
"likely-dream-564","AttentionMLPPixelClassifier","colorful-violet-481","","","","32","finished","789","0.002","11999","0.5966938138008118","0.5625","","0.6668922901153564","0.681171178817749","","","","","","","0.5981568694114685","","","0.6647253632545471","0.5604696869850159","0.6880061030387878","qvbaoaz1","28479"
"golden-morning-563","AttentionMLPPixelClassifier","solar-cosmos-235","","","","32","finished","795","0.002","11999","0.8556385636329651","0.890625","","0.3651536703109741","0.2911222577095032","","","","","","","0.8469781279563904","","","0.3812115490436554","0.10105425864458084","1.458611249923706","oe2i6kqp","28479"
"restful-wood-562","AttentionMLPPixelClassifier","gentle-breeze-309","","","","32","finished","801","0.002","11999","0.8482789993286133","0.8125","","0.36450695991516113","0.4431459307670593","","","","","","","0.8514787554740906","","","0.3585832118988037","0.09934002161026","1.4378890991210938","g3wzgeow","28479"
"glowing-rain-561","AttentionMLPPixelClassifier","radiant-eon-484","","","","32","finished","797","0.002","11999","0.7318840622901917","0.7734375","","0.5765498280525208","0.5435467958450317","","","","","","","0.7186026573181152","","","0.591390073299408","0.7224222421646118","0.5865065455436707","52agqm77","28479"
"serene-grass-560","AttentionMLPPixelClassifier","electric-shadow-236","","","","32","finished","792","0.002","11999","0.5","0.4453125","","0.6938192248344421","0.7003150582313538","","","","","","","0.5240034461021423","","","0.691865861415863","0.5084854960441589","0.6934125423431396","wwtih7vp","28479"
"eternal-pyramid-559","AttentionMLPPixelClassifier","fallen-energy-310","","","","32","finished","799","0.002","11999","0.7759284377098083","0.796875","","0.4795403480529785","0.4338058233261109","","","","","","","0.7666094899177551","","","0.4962548017501831","0.3578040599822998","1.0720404386520386","m3ys7f6w","28479"
"laced-shadow-558","AttentionMLPPixelClassifier","toasty-wave-487","","","","32","finished","794","0.002","11999","0.7244112491607666","0.6953125","","0.5843876004219055","0.6169425249099731","","","","","","","0.7318902611732483","","","0.5764029622077942","0.7329647541046143","0.5769286155700684","pkjl8qdn","28479"
"brisk-silence-557","AttentionMLPPixelClassifier","wild-star-239","","","","32","finished","802","0.002","11999","0.7283741235733032","0.75","","0.579298198223114","0.5550410151481628","","","","","","","0.7166737914085388","","","0.589218020439148","0.7216079831123352","0.587772786617279","ktlr8pmn","28479"
"classic-mountain-556","AttentionMLPPixelClassifier","balmy-rain-311","","","","32","finished","810","0.002","11999","0.7159193754196167","0.7578125","","0.588157057762146","0.5392771363258362","","","","","","","0.7177453637123108","","","0.5859832763671875","0.7145795822143555","0.5924710035324097","lr0oclro","28479"
"misty-dust-555","AttentionMLPPixelClassifier","soft-sea-490","","","","32","finished","804","0.002","11999","0.8486186861991882","0.875","","0.3690113425254822","0.317083477973938","","","","","","","0.8570510149002075","","","0.3513999879360199","0.10126853734254836","1.419875979423523","jbrd905g","28479"
"jolly-leaf-554","AttentionMLPPixelClassifier","comic-tree-240","","","","32","finished","792","0.002","11999","0.7317708134651184","0.6953125","","0.5759209990501404","0.6054924726486206","","","","","","","0.7171024680137634","","","0.5894293785095215","0.7264078259468079","0.582653820514679","t0dvmwwm","28479"
"lunar-shadow-553","AttentionMLPPixelClassifier","graceful-grass-312","","","","32","finished","791","0.002","11999","0.851222813129425","0.8671875","","0.3800437152385712","0.35510072112083435","","","","","","","0.8538362383842468","","","0.3710196316242218","0.10045427083969116","1.5049235820770264","zn4o41ki","28479"
"revived-deluge-552","AttentionMLPPixelClassifier","lemon-monkey-494","","","","32","finished","787","0.002","11999","0.85326087474823","0.875","","0.36635273694992065","0.33582404255867004","","","","","","","0.8570510149002075","","","0.358416885137558","0.09792577475309372","1.4576431512832642","3t4cotwr","28479"
"wild-music-551","AttentionMLPPixelClassifier","vocal-pine-241","","","","32","finished","791","0.002","11999","0.7280344367027283","0.71875","","0.5801123380661011","0.5956270694732666","","","","","","","0.7237462401390076","","","0.5832169055938721","0.7245221734046936","0.584797739982605","11fqvam3","28479"
"wandering-elevator-550","AttentionMLPPixelClassifier","eager-snowball-313","","","","32","finished","795","0.002","11999","0.8555253744125366","0.8359375","","0.36207878589630127","0.404998242855072","","","","","","","0.8553364872932434","","","0.3586973547935486","0.1029399186372757","1.4587939977645874","q1uds7sc","28479"
"sage-bird-549","AttentionMLPPixelClassifier","legendary-sea-498","","","","32","finished","788","0.002","11999","0.8507699370384216","0.859375","","0.3687392771244049","0.3794615864753723","","","","","","","0.8441920280456543","","","0.37217357754707336","0.09728293120861052","1.43365740776062","zqzy94um","28479"
"crisp-lake-548","AttentionMLPPixelClassifier","snowy-bird-242","","","","32","finished","804","0.002","11999","0.7390171885490417","0.71875","","0.5702481269836426","0.5820878744125366","","","","","","","0.729532778263092","","","0.5757498741149902","0.7320219278335571","0.5800973773002625","xlc46d3o","28479"
"sage-haze-547","AttentionMLPPixelClassifier","fearless-fire-314","","","","32","finished","799","0.002","11999","0.8562046885490417","0.8359375","","0.3493627607822418","0.37729811668396","","","","","","","0.854479193687439","","","0.36382201313972473","0.10105425864458084","1.4438422918319702","phde4541","28479"
"glowing-silence-546","AttentionMLPPixelClassifier","stellar-cherry-501","","","","32","finished","796","0.002","11999","0.8473731875419617","0.84375","","0.3658170700073242","0.40338948369026184","","","","","","","0.8465495109558105","","","0.3667742908000946","0.09792577475309372","1.4369471073150637","6mrsg4ac","28479"
"flowing-dragon-545","AttentionMLPPixelClassifier","astral-forest-243","","","","32","finished","847","0.002","11999","0.8482789993286133","0.8828125","","0.3755521476268768","0.3329324722290039","","","","","","","0.8536219596862793","","","0.36341628432273865","0.0985257551074028","1.478074312210083","l9m133yg","28479"
"honest-lake-544","AttentionMLPPixelClassifier","winter-surf-315","","","","32","finished","847","0.002","11999","0.8522418737411499","0.875","","0.3660413026809693","0.34809571504592896","","","","","","","0.8493356108665466","","","0.3722556233406067","0.09728293120861052","1.44932758808136","p3stz7a7","28479"
"glorious-dragon-543","AttentionMLPPixelClassifier","quiet-sea-504","","","","32","finished","860","0.002","11999","0.5469882488250732","0.5","","0.6883088946342468","0.6998217701911926","","","","","","","0.5484355092048645","","","0.68581622838974","0.4823862314224243","0.7022168040275574","qzhf11it","28479"
"decent-hill-540","AttentionMLPPixelClassifier","clear-plant-244","","","","32","finished","1165","0.002","11999","0.85597825050354","0.8046875","","0.3629528880119324","0.4474979043006897","","","","","","","0.8459065556526184","","","0.38458776473999023","0.09964001178741456","1.4753825664520264","ippksjzz","28479"
"upbeat-hill-539","AttentionMLPPixelClassifier","spring-paper-316","","","","32","finished","1160","0.002","11999","0.852921187877655","0.8203125","","0.3663234412670135","0.4041256606578827","","","","","","","0.8474067449569702","","","0.38256290555000305","0.0986114665865898","1.4605892896652222","gp4k7cm3","28479"
"pious-wave-538","AttentionMLPPixelClassifier","leafy-firefly-245","","","","32","finished","1134","0.002","11999","0.5276268124580383","0.5","","0.6895754933357239","0.68425452709198","","","","","","","0.5257179737091064","","","0.6897677183151245","0.5076712369918823","0.6928330659866333","ma5xujor","28479"
"silvery-wildflower-537","AttentionMLPPixelClassifier","exalted-aardvark-317","","","","32","finished","1138","0.002","11999","0.8490715622901917","0.859375","","0.37699437141418457","0.39743655920028687","","","","","","","0.8456922173500061","","","0.37885746359825134","0.09732579439878464","1.4827109575271606","y1h558fb","28479"
"gallant-star-536","AttentionMLPPixelClassifier","summer-oath-247","","","","32","finished","1130","0.002","11999","0.7324501872062683","0.671875","","0.5752305388450623","0.6338049173355103","","","","","","","0.7316759824752808","","","0.5776212811470032","0.7234936356544495","0.5856977105140686","irkv1f8l","28479"
"pretty-bush-535","AttentionMLPPixelClassifier","smooth-disco-318","","","","32","finished","1131","0.002","11999","0.7222599387168884","0.7578125","","0.5829891562461853","0.5626990795135498","","","","","","","0.7188169956207275","","","0.5880354642868042","0.7179651856422424","0.5909665822982788","qcs7lc1r","28479"
"daily-firefly-534","AttentionMLPPixelClassifier","swept-rain-248","","","","32","finished","1107","0.002","11999","0.7304121255874634","0.6328125","","0.5786880254745483","0.6531533002853394","","","","","","","0.7291041612625122","","","0.5803146958351135","0.730736255645752","0.5784424543380737","f1n1x51w","28479"
"exalted-monkey-533","AttentionMLPPixelClassifier","balmy-plant-319","","","","32","finished","1115","0.002","11999","0.6950860619544983","0.7421875","","0.6058377027511597","0.5895706415176392","","","","","","","0.6997427940368652","","","0.6011934876441956","0.689765989780426","0.6103190779685974","0g1rgot9","28479"
"efficient-salad-532","AttentionMLPPixelClassifier","dainty-firefly-249","","","","32","finished","1098","0.002","11999","0.7198822498321533","0.7421875","","0.5882706046104431","0.5782755017280579","","","","","","","0.7228890061378479","","","0.5844138860702515","0.7234079241752625","0.5855878591537476","hgexpcig","28479"
"sage-lion-531","AttentionMLPPixelClassifier","hardy-bee-320","","","","32","finished","1105","0.002","11999","0.8475996255874634","0.8515625","","0.36530065536499023","0.3718651533126831","","","","","","","0.8491213321685791","","","0.3701896667480469","0.10032570362091064","1.4386543035507202","lz4i4ncq","28479"
"deep-haze-530","AttentionMLPPixelClassifier","electric-disco-250","","","","32","finished","1143","0.002","11999","0.8430706262588501","0.84375","","0.3767504096031189","0.3467681407928467","","","","","","","0.8450493216514587","","","0.3812797963619232","0.11056827008724213","1.4347320795059204","evqx0lhd","28479"
"cerulean-dream-529","AttentionMLPPixelClassifier","scarlet-water-321","","","","32","finished","1144","0.002","11999","0.8444293737411499","0.8125","","0.3830479383468628","0.4318917691707611","","","","","","","0.8486926555633545","","","0.36405321955680847","0.10066854953765868","1.450751543045044","tte80xbi","28479"
"misty-cloud-528","AttentionMLPPixelClassifier","visionary-pyramid-251","","","","32","finished","1128","0.002","11999","0.8545063138008118","0.84375","","0.363058865070343","0.36379826068878174","","","","","","","0.8501929044723511","","","0.3648265302181244","0.1036684662103653","1.4488602876663208","tuwlk3x9","28479"
"happy-shape-527","AttentionMLPPixelClassifier","fast-flower-322","","","","32","finished","1124","0.002","11999","0.8540534377098083","0.8828125","","0.35770276188850403","0.35320430994033813","","","","","","","0.8527646660804749","","","0.3589688241481781","0.1014399603009224","1.4549866914749146","srj23s0v","28479"
"fearless-silence-526","AttentionMLPPixelClassifier","clear-cloud-252","","","","32","finished","1116","0.002","11999","0.85326087474823","0.875","","0.36834076046943665","0.3215353190898895","","","","","","","0.8463351726531982","","","0.3848627507686615","0.10199708491563796","1.4711472988128662","c0bzjzpw","28479"
"toasty-shape-525","AttentionMLPPixelClassifier","likely-armadillo-323","","","","32","finished","1117","0.002","11999","0.84205162525177","0.84375","","0.385908305644989","0.3300391733646393","","","","","","","0.843977689743042","","","0.3881247937679291","0.09981143474578856","1.484057903289795","jqf0y8bv","28479"
"classic-flower-524","AttentionMLPPixelClassifier","desert-pyramid-253","","","","32","finished","1108","0.002","11999","0.5654438138008118","0.5546875","","0.6801706552505493","0.6629559993743896","","","","","","","0.5608658194541931","","","0.6836156249046326","0.5367275476455688","0.6879780292510986","h6k3gh41","28479"
"easy-wood-523","AttentionMLPPixelClassifier","colorful-feather-324","","","","32","finished","1113","0.002","11999","0.7989130616188049","0.8203125","","0.4511559009552002","0.45752033591270447","","","","","","","0.8032575845718384","","","0.4581195116043091","0.29369160532951355","1.238532781600952","0bxi45e8","28479"
"restful-oath-522","AttentionMLPPixelClassifier","grateful-butterfly-255","","","","32","finished","1110","0.002","11999","0.7189764380455017","0.7421875","","0.588191568851471","0.5760210752487183","","","","","","","0.7310330271720886","","","0.5747036337852478","0.7180080413818359","0.5887972116470337","384lvgh0","28479"
"bright-durian-521","AttentionMLPPixelClassifier","stilted-elevator-325","","","","32","finished","1110","0.002","11999","0.7307518124580383","0.7265625","","0.5774726271629333","0.590233564376831","","","","","","","0.7263180613517761","","","0.5805785655975342","0.7204936742782593","0.5897183418273926","bpex5tl6","28479"
"peachy-sponge-520","AttentionMLPPixelClassifier","stilted-waterfall-256","","","","32","finished","1105","0.002","11999","0.7215806245803833","0.7109375","","0.585662841796875","0.5826930999755859","","","","","","","0.7241748571395874","","","0.5839987397193909","0.7298791408538818","0.5817965865135193","8qc1aa0x","28479"
"blooming-firefly-519","AttentionMLPPixelClassifier","skilled-universe-326","","","","32","finished","1098","0.002","11999","0.8508831262588501","0.78125","","0.38989484310150146","0.5038508176803589","","","","","","","0.8504071831703186","","","0.3895450830459595","0.10353989899158478","1.550804853439331","i8pad4z9","28479"
"rare-paper-518","AttentionMLPPixelClassifier","spring-mountain-257","","","","32","finished","1096","0.002","11999","0.7302989363670349","0.71875","","0.578980565071106","0.5783246159553528","","","","","","","0.7413201928138733","","","0.567814826965332","0.7306076884269714","0.5803834795951843","4gkftf1j","28479"
"scarlet-darkness-517","AttentionMLPPixelClassifier","pleasant-glitter-327","","","","32","finished","1094","0.002","11999","0.846807062625885","0.8828125","","0.37550151348114014","0.2771114408969879","","","","","","","0.8444063663482666","","","0.37293270230293274","0.09818290919065475","1.4581801891326904","cgf7sd8s","28479"
"proud-plant-516","AttentionMLPPixelClassifier","easy-cosmos-258","","","","32","finished","1092","0.002","11999","0.852921187877655","0.859375","","0.36155208945274353","0.3704105019569397","","","","","","","0.8489069938659668","","","0.3653593361377716","0.10066854953765868","1.4394328594207764","7wwk1rvi","28479"
"devoted-wood-515","AttentionMLPPixelClassifier","legendary-leaf-328","","","","32","finished","1098","0.002","11999","0.8472599387168884","0.8046875","","0.3707897663116455","0.43207991123199463","","","","","","","0.8504071831703186","","","0.3599616587162018","0.09886860102415083","1.435215711593628","i01syuqs","28479"
"rare-eon-514","AttentionMLPPixelClassifier","lucky-tree-259","","","","32","finished","1083","0.002","11999","0.8552989363670349","0.859375","","0.35282430052757263","0.3281225264072418","","","","","","","0.843977689743042","","","0.3768617808818817","0.09801148623228072","1.443203687667847","taza02my","28479"
"upbeat-dawn-513","AttentionMLPPixelClassifier","morning-planet-329","","","","32","finished","1090","0.002","11999","0.8477128744125366","0.8984375","","0.37541577219963074","0.3257981836795807","","","","","","","0.8467638492584229","","","0.369187444448471","0.09968286752700806","1.4320220947265625","jg4bitwp","28479"
"solar-energy-512","AttentionMLPPixelClassifier","azure-planet-260","","","","32","finished","1083","0.002","11999","0.8452219367027283","0.8125","","0.37334972620010376","0.37791961431503296","","","","","","","0.8459065556526184","","","0.3689565360546112","0.0986114665865898","1.460968255996704","wh6e96hg","28479"
"floral-wave-511","AttentionMLPPixelClassifier","lemon-shape-330","","","","32","finished","1085","0.002","11999","0.8482789993286133","0.8671875","","0.3651750683784485","0.3158028721809387","","","","","","","0.8559794425964355","","","0.35541146993637085","0.09856861084699632","1.4296635389328003","zu4caxws","28479"
"astral-pine-510","AttentionMLPPixelClassifier","mild-sea-261","","","","32","finished","1074","0.002","11999","0.5491394996643066","0.5859375","","0.6850974559783936","0.6821857690811157","","","","","","","0.5529361367225647","","","0.6859933733940125","0.5086997747421265","0.6972357630729675","j14rdvvd","28479"
"glad-salad-509","AttentionMLPPixelClassifier","floral-wind-331","","","","32","finished","1075","0.002","11999","0.7066349387168884","0.6953125","","0.5984190702438354","0.614148736000061","","","","","","","0.7038148045539856","","","0.5980567336082458","0.694608747959137","0.6072121858596802","l0bavhou","28479"
"young-thunder-508","AttentionMLPPixelClassifier","ruby-star-262","","","","32","finished","1211","0.002","11999","0.7297328114509583","0.7578125","","0.5793883204460144","0.5453880429267883","","","","","","","0.7209601402282715","","","0.5864572525024414","0.7258507013320923","0.583946943283081","cwcbs6hr","28479"
"avid-dew-507","AttentionMLPPixelClassifier","fresh-smoke-332","","","","32","finished","1245","0.002","11999","0.7240715622901917","0.78125","","0.5839934349060059","0.5194323062896729","","","","","","","0.7171024680137634","","","0.588269829750061","0.7217794060707092","0.5857990384101868","x2ewxov3","28479"
"misunderstood-music-506","AttentionMLPPixelClassifier","honest-voice-263","","","","32","finished","1331","0.002","11999","0.7355072498321533","0.7265625","","0.5726894736289978","0.5833216905593872","","","","","","","0.7355336546897888","","","0.5733172297477722","0.7260649800300598","0.5847728848457336","43sv76ox","28479"
"serene-silence-505","AttentionMLPPixelClassifier","distinctive-sound-333","","","","32","finished","1327","0.002","11999","0.8446558117866516","0.8515625","","0.38519054651260376","0.38583505153656006","","","","","","","0.8561937212944031","","","0.3690628111362457","0.09882574528455734","1.5103296041488647","f81mz4df","28479"
"floral-dawn-503","AttentionMLPPixelClassifier","good-aardvark-264","","","","32","finished","1318","0.002","11999","0.73097825050354","0.8046875","","0.5780503749847412","0.5015115737915039","","","","","","","0.7226746678352356","","","0.5859411358833313","0.7326219081878662","0.5777447819709778","81mx32b3","28479"
"earnest-feather-502","AttentionMLPPixelClassifier","breezy-paper-334","","","","32","finished","1321","0.002","11999","0.8558650612831116","0.890625","","0.36634090542793274","0.3185461461544037","","","","","","","0.8459065556526184","","","0.3735283613204956","0.10242564231157304","1.449501872062683","865ywxjs","28479"
"rose-sponge-500","AttentionMLPPixelClassifier","sleek-wind-265","","","","32","finished","1311","0.002","11999","0.7446784377098083","0.703125","","0.5625939965248108","0.6148062944412231","","","","","","","0.7383197546005249","","","0.5686835050582886","0.7375075221061707","0.5773025155067444","r79v4uq2","28479"
"super-snow-499","AttentionMLPPixelClassifier","solar-plant-335","","","","32","finished","1307","0.002","11999","0.8541666865348816","0.859375","","0.3572883903980255","0.33819371461868286","","","","","","","0.8570510149002075","","","0.3657605051994324","0.09976857900619508","1.4575400352478027","y0toci9k","28479"
"fluent-flower-497","AttentionMLPPixelClassifier","rosy-capybara-266","","","","32","finished","1301","0.002","11999","0.8491848111152649","0.8046875","","0.3671342730522156","0.4536637663841248","","","","","","","0.84290611743927","","","0.37796342372894287","0.1028970628976822","1.4329115152359009","hae1rfyj","28479"
"unique-shadow-496","AttentionMLPPixelClassifier","trim-totem-336","","","","32","finished","1304","0.002","11999","0.8489583134651184","0.875","","0.3683077096939087","0.3162801265716553","","","","","","","0.8525503873825073","","","0.35644254088401794","0.1007114052772522","1.4425511360168457","u590sbqz","28479"
"happy-dream-495","AttentionMLPPixelClassifier","eager-fire-267","","","","32","finished","1298","0.002","11999","0.845108687877655","0.828125","","0.3824378252029419","0.3497338891029358","","","","","","","0.8499785661697388","","","0.3745850622653961","0.10109711438417436","1.4685124158859253","xafbf06a","28479"
"lemon-terrain-493","AttentionMLPPixelClassifier","earthy-meadow-337","","","","32","finished","1299","0.002","11999","0.8541666865348816","0.84375","","0.3533216416835785","0.35718756914138794","","","","","","","0.8519074320793152","","","0.3611411452293396","0.09809719771146774","1.432276487350464","hk7rahi9","28479"
"drawn-deluge-492","AttentionMLPPixelClassifier","rare-bush-268","","","","32","finished","1277","0.002","11999","0.51902174949646","0.5234375","","0.6916673183441162","0.6878664493560791","","","","","","","0.5120016932487488","","","0.6921103000640869","0.5117425322532654","0.6925186514854431","8p8c1sin","28479"
"dauntless-rain-491","AttentionMLPPixelClassifier","usual-pyramid-338","","","","32","finished","1276","0.002","11999","0.8581295013427734","0.8671875","","0.36908113956451416","0.3718930780887604","","","","","","","0.86176598072052","","","0.3681516945362091","0.10649695992469788","1.5034619569778442","fr8kftmy","28479"
"giddy-frost-489","AttentionMLPPixelClassifier","avid-sound-269","","","","32","finished","1300","0.002","11999","0.7323369383811951","0.8046875","","0.5763874053955078","0.4873145520687103","","","","","","","0.730604350566864","","","0.5802192091941833","0.7241793274879456","0.5855206251144409","tz9xo2qj","28479"
"dauntless-bush-488","AttentionMLPPixelClassifier","stellar-monkey-339","","","","32","finished","1313","0.002","11999","0.7276947498321533","0.7734375","","0.5800449252128601","0.537321925163269","","","","","","","0.7344620823860168","","","0.5704277753829956","0.71817946434021","0.5905073285102844","v01mu9gt","28479"
"lunar-mountain-486","AttentionMLPPixelClassifier","whole-sea-270","","","","32","finished","1270","0.002","11999","0.7258831262588501","0.7421875","","0.5831499099731445","0.5710611343383789","","","","","","","0.7239605784416199","","","0.5848694443702698","0.7269220948219299","0.5823155641555786","1vemjwv6","28479"
"fresh-pyramid-485","AttentionMLPPixelClassifier","ethereal-breeze-340","","","","32","finished","1273","0.002","11999","0.8475996255874634","0.84375","","0.38084739446640015","0.3699911534786224","","","","","","","0.8495499491691589","","","0.3714239895343781","0.10023999214172365","1.5040160417556765","hfb2cmsi","28479"
"atomic-dream-483","AttentionMLPPixelClassifier","legendary-plasma-271","","","","32","finished","1301","0.002","11999","0.7278079986572266","0.703125","","0.5811298489570618","0.6038904786109924","","","","","","","0.7284612059593201","","","0.5823456048965454","0.7350218296051025","0.5753071904182434","75tuikdj","28479"
"curious-pine-482","AttentionMLPPixelClassifier","hopeful-cosmos-341","","","","32","finished","1329","0.002","11999","0.8487318754196167","0.84375","","0.376038134098053","0.3686423897743225","","","","","","","0.8459065556526184","","","0.38266292214393616","0.09818290919065475","1.4818694591522217","p2mnavuh","28479"
"giddy-grass-480","AttentionMLPPixelClassifier","dutiful-universe-272","","","","32","finished","1293","0.002","11999","0.7238451242446899","0.734375","","0.584298312664032","0.5727497935295105","","","","","","","0.7385340929031372","","","0.5720230340957642","0.7297077178955078","0.5818923711776733","5luqq5ma","28479"
"visionary-snowball-479","AttentionMLPPixelClassifier","lively-lion-342","","","","32","finished","1268","0.002","11999","0.7401494383811951","0.765625","","0.552819550037384","0.5213803052902222","","","","","","","0.7318902611732483","","","0.5619342923164368","0.7099083065986633","0.6447481513023376","9a1t3pao","28479"
"gentle-capybara-478","AttentionMLPPixelClassifier","amber-paper-273","","","","32","finished","1316","0.002","11999","0.8463541865348816","0.8125","","0.37372836470603943","0.41105005145072937","","","","","","","0.8559794425964355","","","0.3597598075866699","0.10658267140388487","1.436353325843811","j7kugrt5","28479"
"earthy-vortex-477","AttentionMLPPixelClassifier","firm-galaxy-343","","","","32","finished","1308","0.002","11999","0.8515625","0.875","","0.3641611635684967","0.32010310888290405","","","","","","","0.8559794425964355","","","0.35896429419517517","0.0977972075343132","1.4317164421081543","i62f0ipj","28479"
"ruby-spaceship-475","AttentionMLPPixelClassifier","driven-bush-274","","","","32","finished","1296","0.002","11999","0.8449954986572266","0.828125","","0.38193395733833313","0.4249127209186554","","","","","","","0.8424775004386902","","","0.3828156590461731","0.10169709473848344","1.4575161933898926","04o2ajaw","28479"
"sparkling-vortex-474","AttentionMLPPixelClassifier","upbeat-durian-344","","","","32","finished","1298","0.002","11999","0.8465806245803833","0.8046875","","0.3711333870887756","0.4427398443222046","","","","","","","0.8525503873825073","","","0.36180052161216736","0.0984828993678093","1.463713765144348","e2sbguqp","28479"
"olive-darkness-472","AttentionMLPPixelClassifier","generous-sun-275","","","","32","finished","1265","0.002","11999","0.8547328114509583","0.8515625","","0.4054488837718963","0.400840699672699","","","","","","","0.8480497002601624","","","0.41758474707603455","0.10345418751239777","1.6599441766738892","oc3etfyk","28479"
"crisp-smoke-471","AttentionMLPPixelClassifier","hearty-forest-346","","","","32","finished","1275","0.002","11999","0.7066349387168884","0.671875","","0.5951403379440308","0.6433396935462952","","","","","","","0.7198885679244995","","","0.5865556001663208","0.7107225656509399","0.5995461940765381","7g6whspl","28479"
"sandy-bee-469","AttentionMLPPixelClassifier","wise-plasma-276","","","","32","finished","1269","0.002","11999","0.7305253744125366","0.7890625","","0.5778440833091736","0.5137165784835815","","","","","","","0.7310330271720886","","","0.5784438252449036","0.7293220162391663","0.5814477801322937","fw1jsg63","28479"
"feasible-music-468","AttentionMLPPixelClassifier","light-plant-349","","","","32","finished","1277","0.002","11999","0.7177309989929199","0.703125","","0.5876010656356812","0.5849800109863281","","","","","","","0.7143163084983826","","","0.5878403186798096","0.7170223593711853","0.5924732089042664","0f6b79f6","28479"
"wandering-durian-466","AttentionMLPPixelClassifier","rosy-night-277","","","","32","finished","1301","0.002","11999","0.7368659377098083","0.71875","","0.5714356303215027","0.5999382734298706","","","","","","","0.7252464890480042","","","0.5816560983657837","0.7322362065315247","0.5802353024482727","3pmwt3aj","28479"
"light-surf-465","AttentionMLPPixelClassifier","noble-glade-351","","","","32","finished","1302","0.002","11999","0.8516757488250732","0.8515625","","0.37469807267189026","0.3510892987251282","","","","","","","0.852336049079895","","","0.37983593344688416","0.09805434197187424","1.505799412727356","c98uzfrw","28479"
"wise-serenity-464","AttentionMLPPixelClassifier","treasured-valley-278","","","","32","finished","1299","0.002","11999","0.7286005616188049","0.7109375","","0.5767138004302979","0.5907739996910095","","","","","","","0.7196742296218872","","","0.584004819393158","0.7259364128112793","0.5875946283340454","q4remt0u","28479"
"dazzling-donkey-462","AttentionMLPPixelClassifier","ethereal-lion-353","","","","32","finished","1303","0.002","11999","0.851902186870575","0.828125","","0.3656090199947357","0.4286455512046814","","","","","","","0.841834545135498","","","0.3722014129161834","0.10242564231157304","1.4425678253173828","m0ixew78","28479"
"dazzling-serenity-461","AttentionMLPPixelClassifier","colorful-planet-279","","","","32","finished","1268","0.002","11999","0.8536005616188049","0.890625","","0.3611076772212982","0.3070691227912903","","","","","","","0.8495499491691589","","","0.3673046231269837","0.1007114052772522","1.429358720779419","s1b2y7tr","28479"
"fresh-hill-460","AttentionMLPPixelClassifier","unique-firefly-355","","","","32","finished","1276","0.002","11999","0.7314311861991882","0.7109375","","0.5770201086997986","0.6049657464027405","","","","","","","0.7391770482063293","","","0.5696904063224792","0.7270506620407104","0.5838714241981506","b3zc01wf","28479"
"zesty-leaf-458","AttentionMLPPixelClassifier","fragrant-capybara-280","","","","32","finished","1271","0.002","11999","0.84986412525177","0.859375","","0.3619209229946137","0.3947977423667908","","","","","","","0.854479193687439","","","0.36365288496017456","0.10049712657928468","1.4375145435333252","34l6pt4l","28479"
"worldly-gorge-457","AttentionMLPPixelClassifier","hopeful-darkness-357","","","","32","finished","1278","0.002","11999","0.8495244383811951","0.8125","","0.3690903186798096","0.4588502049446106","","","","","","","0.8516930937767029","","","0.3553655743598938","0.09762578457593918","1.434192419052124","n74lu01s","28479"
"expert-wildflower-455","AttentionMLPPixelClassifier","eager-elevator-281","","","","32","finished","1270","0.002","11999","0.8569973111152649","0.84375","","0.36409080028533936","0.3574882447719574","","","","","","","0.8486926555633545","","","0.3694253861904144","0.1007971167564392","1.4636056423187256","lbein3wg","28479"
"splendid-haze-454","AttentionMLPPixelClassifier","jumping-voice-359","","","","32","finished","1341","0.002","11999","0.8568840622901917","0.7578125","","0.3545161187648773","0.5103612542152405","","","","","","","0.852336049079895","","","0.3668472170829773","0.09899716824293137","1.4299790859222412","7pab79zf","28479"
"honest-serenity-452","AttentionMLPPixelClassifier","deft-microwave-282","","","","32","finished","1325","0.002","11999","0.539402186870575","0.59375","","0.6848784685134888","0.6848368644714355","","","","","","","0.5317187905311584","","","0.6852783560752869","0.4815290868282318","0.7091319561004639","vsgb93h4","28479"
"vivid-oath-451","AttentionMLPPixelClassifier","soft-bee-361","","","","32","finished","1269","0.002","11999","0.719089686870575","0.7734375","","0.5622092485427856","0.5321067571640015","","","","","","","0.7226746678352356","","","0.560203492641449","0.5839547514915466","0.7432830929756165","wu37ksgu","28479"
"noble-music-450","AttentionMLPPixelClassifier","sleek-microwave-283","","","","32","finished","1265","0.002","11999","0.7351675629615784","0.734375","","0.5718832015991211","0.5840964317321777","","","","","","","0.7250321507453918","","","0.5861127376556396","0.7311219573020935","0.579070508480072","5pvg5esm","28479"
"clean-dream-448","AttentionMLPPixelClassifier","young-fog-363","","","","32","finished","1257","0.002","11999","0.7043704986572266","0.625","","0.5983450412750244","0.6696988344192505","","","","","","","0.696313738822937","","","0.6063976883888245","0.7084940671920776","0.5948193669319153","kmf8btmo","28479"
"swept-eon-447","AttentionMLPPixelClassifier","giddy-fire-284","","","","32","finished","1293","0.002","11999","0.7355072498321533","0.6875","","0.5745998024940491","0.6286482810974121","","","","","","","0.7291041612625122","","","0.5814312696456909","0.7282506227493286","0.5822171568870544","ocyeci5c","28479"
"floral-dew-446","AttentionMLPPixelClassifier","zany-gorge-365","","","","32","finished","1303","0.002","11999","0.8496376872062683","0.8515625","","0.3801250755786896","0.3606305122375488","","","","","","","0.84290611743927","","","0.39606931805610657","0.10255420953035356","1.4928441047668457","31ftmb81","28479"
"comfy-feather-444","AttentionMLPPixelClassifier","denim-night-285","","","","32","finished","1262","0.002","11999","0.735733687877655","0.734375","","0.573520839214325","0.5650597810745239","","","","","","","0.7366052269935608","","","0.5726239085197449","0.7326219081878662","0.5785167813301086","68ln2uyc","28479"
"fearless-morning-443","AttentionMLPPixelClassifier","ethereal-surf-367","","","","32","finished","1263","0.002","11999","0.8446558117866516","0.796875","","0.3750689625740051","0.4013686180114746","","","","","","","0.8495499491691589","","","0.3727456629276275","0.10041141510009766","1.4605377912521362","ihwnaeso","28479"
"swept-elevator-441","AttentionMLPPixelClassifier","giddy-dew-286","","","","32","finished","1265","0.002","11999","0.7276947498321533","0.75","","0.5797401666641235","0.5434601306915283","","","","","","","0.7248178124427795","","","0.5823337435722351","0.7297505736351013","0.5829437971115112","hwuzo6qa","28479"
"stellar-wind-440","AttentionMLPPixelClassifier","wandering-universe-369","","","","32","finished","1273","0.002","11999","0.8542798757553101","0.84375","","0.36139804124832153","0.39443984627723694","","","","","","","0.8529790043830872","","","0.365495502948761","0.10238278657197952","1.4245730638504028","39lv0e9w","28479"
"copper-monkey-438","AttentionMLPPixelClassifier","unique-energy-287","","","","32","finished","1263","0.002","11999","0.8517889380455017","0.875","","0.36648666858673096","0.3253844380378723","","","","","","","0.854479193687439","","","0.3613846004009247","0.09869717806577682","1.4507802724838257","1cz3xzoc","28479"
"celestial-snowflake-437","AttentionMLPPixelClassifier","apricot-microwave-371","","","","32","finished","1263","0.002","11999","0.8466938138008118","0.8359375","","0.3682018220424652","0.35205376148223877","","","","","","","0.8452636003494263","","","0.37692955136299133","0.10161138325929642","1.4224584102630615","wcl6e9zv","28479"
"faithful-feather-435","AttentionMLPPixelClassifier","fragrant-sponge-288","","","","32","finished","1287","0.002","11999","0.850203812122345","0.8359375","","0.3707922101020813","0.4123787879943848","","","","","","","0.8585512042045593","","","0.35674503445625305","0.10426844656467438","1.4735825061798096","sb5nlnbn","28479"
"comic-sponge-434","AttentionMLPPixelClassifier","proud-fog-374","","","","32","finished","1289","0.002","11999","0.8473731875419617","0.859375","","0.3613756000995636","0.3312414884567261","","","","","","","0.853407621383667","","","0.3677251636981964","0.09754007309675217","1.4366698265075684","3lgemvp4","28479"
"jolly-shadow-433","AttentionMLPPixelClassifier","clean-violet-289","","","","32","finished","1268","0.002","11999","0.52683424949646","0.59375","","0.6892248392105103","0.6862867474555969","","","","","","","0.5312901735305786","","","0.68906170129776","0.5210422277450562","0.6898252964019775","2h8ko3f5","28479"
"prime-moon-431","AttentionMLPPixelClassifier","sweet-moon-376","","","","32","finished","1270","0.002","11999","0.8538269996643066","0.9140625","","0.39539963006973267","0.299419105052948","","","","","","","0.8516930937767029","","","0.3986654877662658","0.1036256104707718","1.603174924850464","fq6m06cm","28479"
"worthy-plasma-430","AttentionMLPPixelClassifier","honest-planet-290","","","","32","finished","1250","0.002","11999","0.7341485619544983","0.7421875","","0.574174165725708","0.5489897131919861","","","","","","","0.7346763610839844","","","0.5758163332939148","0.7277792096138","0.5815378427505493","885myq8o","28479"
"pretty-feather-429","AttentionMLPPixelClassifier","soft-capybara-378","","","","32","finished","1282","0.002","11999","0.7214673757553101","0.6875","","0.5877059102058411","0.5890384316444397","","","","","","","0.7308186888694763","","","0.5763531923294067","0.730993390083313","0.5779579877853394","0lftsyzq","28479"
"fragrant-dew-427","AttentionMLPPixelClassifier","daily-salad-291","","","","32","finished","1288","0.002","11999","0.7368659377098083","0.6953125","","0.5709038972854614","0.6016049981117249","","","","","","","0.716245174407959","","","0.5906252861022949","0.7248221635818481","0.5839449763298035","i7ag24nf","28479"
"legendary-plant-426","AttentionMLPPixelClassifier","usual-jazz-380","","","","32","finished","1294","0.002","11999","0.8492980003356934","0.8125","","0.3893621563911438","0.4050042033195496","","","","","","","0.8480497002601624","","","0.39085543155670166","0.10066854953765868","1.5219820737838743","eb8ni1ep","28479"
"devout-rain-424","AttentionMLPPixelClassifier","dutiful-butterfly-292","","","","32","finished","1285","0.002","11999","0.7307518124580383","0.7578125","","0.5763091444969177","0.5492486357688904","","","","","","","0.7216030955314636","","","0.5844161510467529","0.7197222709655762","0.5904737710952759","dwbh3y2d","28479"
"proud-voice-423","AttentionMLPPixelClassifier","legendary-cloud-382","","","","32","finished","1262","0.002","11999","0.85326087474823","0.84375","","0.3633267879486084","0.4045984148979187","","","","","","","0.8409773111343384","","","0.3702451586723328","0.09749721735715866","1.457800269126892","k4v36woh","28479"
"amber-deluge-421","AttentionMLPPixelClassifier","noble-river-293","","","","32","finished","1287","0.002","11999","0.851222813129425","0.7734375","","0.3661448657512665","0.47831952571868896","","","","","","","0.8414059281349182","","","0.3732336461544037","0.10923973470926283","1.417551875114441","m73kjao3","28479"
"golden-tree-420","AttentionMLPPixelClassifier","fancy-firefly-384","","","","32","finished","1294","0.002","11999","0.8477128744125366","0.828125","","0.36495646834373474","0.36103683710098267","","","","","","","0.8572653532028198","","","0.3428483009338379","0.0992971658706665","1.4282379150390625","quyc114a","28479"
"dauntless-bush-419","AttentionMLPPixelClassifier","feasible-pyramid-294","","","","32","finished","1265","0.002","11999","0.846807062625885","0.90625","","0.37104567885398865","0.30416691303253174","","","","","","","0.8444063663482666","","","0.3698207139968872","0.1103539913892746","1.4241387844085691","o4ljy66h","28479"
"autumn-serenity-417","AttentionMLPPixelClassifier","classic-eon-386","","","","32","finished","1266","0.002","11999","0.8554121255874634","0.8671875","","0.3652251362800598","0.37110403180122375","","","","","","","0.8499785661697388","","","0.3755028545856476","0.10178280621767044","1.4755315780639648","fmm7kgpv","28479"
"noble-sunset-416","AttentionMLPPixelClassifier","twilight-firefly-295","","","","32","finished","1273","0.002","11999","0.8579030632972717","0.8515625","","0.3604618906974793","0.3980826139450073","","","","","","","0.8555507659912109","","","0.3695193529129028","0.10165423899888992","1.4844985008239746","8p276m1f","28479"
"stilted-lake-415","AttentionMLPPixelClassifier","ancient-gorge-388","","","","32","finished","1279","0.002","11999","0.8474864363670349","0.8671875","","0.37502408027648926","0.36740994453430176","","","","","","","0.8555507659912109","","","0.3571123778820038","0.09869717806577682","1.4355803728103638","oa9sqdth","28479"
"olive-resonance-413","AttentionMLPPixelClassifier","chocolate-terrain-296","","","","32","finished","1269","0.002","11999","0.8455616235733032","0.828125","","0.4238778352737427","0.44518691301345825","","","","","","","0.8467638492584229","","","0.4236200749874115","0.11082540452480316","1.6565730571746826","whntvsip","28479"
"elated-dust-412","AttentionMLPPixelClassifier","earthy-cherry-390","","","","32","finished","1281","0.002","11999","0.706182062625885","0.71875","","0.5950726270675659","0.5900611877441406","","","","","","","0.6978139877319336","","","0.603617787361145","0.6971372365951538","0.6073856949806213","5tt0p4ga","28479"